symbol,final_score,whale,technical,valuation,moat,quant,macro,risk
KOTAKBANK,0.7289,0.5434114752635537,0.9406493506493507,0.55,0.6153846153846154,0.8181818181818181,0.6875,0.2717391304347826
ICICIBANK,0.7153,0.6937040294721276,0.9469264069264071,0.65,0.7307692307692307,0.36363636363636365,0.6875,0.19021739130434787
UNIONBANK,0.7061,0.13131157341899627,0.8881818181818183,0.925,0.7692307692307692,0.36363636363636365,0.6875,0.46195652173913054
PNB,0.6712,0.18388211148928574,0.9096536796536797,0.925,0.5384615384615384,0.18181818181818182,0.6875,0.2717391304347826
FEDERALBNK,0.6393,0.7109640904049868,0.8864935064935066,0.7,0.6153846153846154,0.18181818181818182,0.6875,0.46195652173913054
BHEL,0.568,0.22976022027611,0.9282251082251083,0.0,0.1923076923076923,1.0,1.0,0.5434782608695653
JSWSTEEL,0.5532,0.1570869376776677,0.8870129870129869,0.8,0.4230769230769231,0.18181818181818182,0.0,0.2717391304347826
HINDALCO,0.5452,0.44854487743317145,0.951125541125541,0.925,0.3076923076923077,0.0,0.0,0.46195652173913054
CHOLAFIN,0.5213,0.35703086160082603,0.9374891774891776,0.3,0.5769230769230769,0.0,0.6875,0.46195652173913054
SBIN,0.5172,0.3125677208816144,0.07082251082251086,0.85,0.7307692307692307,0.36363636363636365,0.6875,0.19021739130434787
BAJFINANCE,0.5086,0.28948207069741355,0.8820346320346321,0.04999999999999999,0.5769230769230769,0.36363636363636365,0.6875,0.46195652173913054
AXISBANK,0.4986,0.8371894400040791,0.09233766233766236,0.85,0.5769230769230769,0.36363636363636365,0.6875,0.46195652173913054
PERSISTENT,0.4889,0.503244228587454,0.9204761904761904,0.0,0.8846153846153845,0.2727272727272727,0.062499999999999986,0.46195652173913054
LT,0.485,0.6104248728440859,0.9323376623376624,0.0,0.2692307692307692,0.0,1.0,0.19021739130434787
AUROPHARMA,0.4743,0.30732851479342743,0.9524675324675325,0.3,0.4615384615384615,0.0,0.18749999999999994,0.2717391304347826
